,,Name,Username,"User Profile","Tweet ID",Retweets,Comments,Favorites,"Is Retweet?",Date,"Tweet Text","Tweet Source","Status URL"
1,,"Sekretariat Negara",KemensetnegRI,https://www.twitter.com/KemensetnegRI,"ID: 1378302922165952518",1933,9477,8076,no,"2021-04-03 11:06:38","Presiden Joko Widodo dan Ibu Negara Iriana Hadiri Akad Nikah Aurel dan Attahttps://t.co/FQ47ZipuSuFoto: Lukas - BPMI Setpres https://t.co/LzgrhWzyO9","Twitter for iPhone",https://www.twitter.com/KemensetnegRI/status/1378302922165952518
2,,"Sekretariat Negara",KemensetnegRI,https://www.twitter.com/KemensetnegRI,"ID: 1378302922165952518",1933,9477,8076,no,"2021-04-03 11:06:38","Presiden Joko Widodo dan Ibu Negara Iriana Hadiri Akad Nikah Aurel dan Attahttps://t.co/FQ47ZipuSuFoto: Lukas - BPMI Setpres https://t.co/LzgrhWzyO9","Twitter for iPhone",https://www.twitter.com/KemensetnegRI/status/1378302922165952518
3,,"Sekretariat Negara",KemensetnegRI,https://www.twitter.com/KemensetnegRI,"ID: 1378302922165952518",1933,9477,8076,no,"2021-04-03 11:06:38","Presiden Joko Widodo dan Ibu Negara Iriana Hadiri Akad Nikah Aurel dan Attahttps://t.co/FQ47ZipuSuFoto: Lukas - BPMI Setpres https://t.co/LzgrhWzyO9","Twitter for iPhone",https://www.twitter.com/KemensetnegRI/status/1378302922165952518
4,,"Sekretariat Negara",KemensetnegRI,https://www.twitter.com/KemensetnegRI,"ID: 1378302922165952518",1933,9477,8076,no,"2021-04-03 11:06:38","Presiden Joko Widodo dan Ibu Negara Iriana Hadiri Akad Nikah Aurel dan Attahttps://t.co/FQ47ZipuSuFoto: Lukas - BPMI Setpres https://t.co/LzgrhWzyO9","Twitter for iPhone",https://www.twitter.com/KemensetnegRI/status/1378302922165952518
5,,"Sekretariat Negara",KemensetnegRI,https://www.twitter.com/KemensetnegRI,"ID: 1378302922165952518",1933,9477,8076,no,"2021-04-03 11:06:38","Presiden Joko Widodo dan Ibu Negara Iriana Hadiri Akad Nikah Aurel dan Attahttps://t.co/FQ47ZipuSuFoto: Lukas - BPMI Setpres https://t.co/LzgrhWzyO9","Twitter for iPhone",https://www.twitter.com/KemensetnegRI/status/1378302922165952518
6,,"Sekretariat Negara",KemensetnegRI,https://www.twitter.com/KemensetnegRI,"ID: 1378302922165952518",1933,9477,8076,no,"2021-04-03 11:06:38","Presiden Joko Widodo dan Ibu Negara Iriana Hadiri Akad Nikah Aurel dan Attahttps://t.co/FQ47ZipuSuFoto: Lukas - BPMI Setpres https://t.co/LzgrhWzyO9","Twitter for iPhone",https://www.twitter.com/KemensetnegRI/status/1378302922165952518
7,,"Sekretariat Negara",KemensetnegRI,https://www.twitter.com/KemensetnegRI,"ID: 1378302922165952518",1933,9477,8076,no,"2021-04-03 11:06:38","Presiden Joko Widodo dan Ibu Negara Iriana Hadiri Akad Nikah Aurel dan Attahttps://t.co/FQ47ZipuSuFoto: Lukas - BPMI Setpres https://t.co/LzgrhWzyO9","Twitter for iPhone",https://www.twitter.com/KemensetnegRI/status/1378302922165952518
8,,"Sekretariat Negara",KemensetnegRI,https://www.twitter.com/KemensetnegRI,"ID: 1378302922165952518",1933,9477,8076,no,"2021-04-03 11:06:38","Presiden Joko Widodo dan Ibu Negara Iriana Hadiri Akad Nikah Aurel dan Attahttps://t.co/FQ47ZipuSuFoto: Lukas - BPMI Setpres https://t.co/LzgrhWzyO9","Twitter for iPhone",https://www.twitter.com/KemensetnegRI/status/1378302922165952518
9,,"Sekretariat Negara",KemensetnegRI,https://www.twitter.com/KemensetnegRI,"ID: 1378302922165952518",1934,9477,8079,no,"2021-04-03 11:06:38","Presiden Joko Widodo dan Ibu Negara Iriana Hadiri Akad Nikah Aurel dan Attahttps://t.co/FQ47ZipuSuFoto: Lukas - BPMI Setpres https://t.co/LzgrhWzyO9","Twitter for iPhone",https://www.twitter.com/KemensetnegRI/status/1378302922165952518
10,,"Sekretariat Negara",KemensetnegRI,https://www.twitter.com/KemensetnegRI,"ID: 1378302922165952518",1934,9477,8079,no,"2021-04-03 11:06:38","Presiden Joko Widodo dan Ibu Negara Iriana Hadiri Akad Nikah Aurel dan Attahttps://t.co/FQ47ZipuSuFoto: Lukas - BPMI Setpres https://t.co/LzgrhWzyO9","Twitter for iPhone",https://www.twitter.com/KemensetnegRI/status/1378302922165952518
11,,"Sekretariat Negara",KemensetnegRI,https://www.twitter.com/KemensetnegRI,"ID: 1378302922165952518",1934,9477,8079,no,"2021-04-03 11:06:38","Presiden Joko Widodo dan Ibu Negara Iriana Hadiri Akad Nikah Aurel dan Attahttps://t.co/FQ47ZipuSuFoto: Lukas - BPMI Setpres https://t.co/LzgrhWzyO9","Twitter for iPhone",https://www.twitter.com/KemensetnegRI/status/1378302922165952518
12,,Tepen,Stvpangaribuan,https://www.twitter.com/Stvpangaribuan,"ID: 1378305223718961153",0,13,104,no,"2021-04-03 11:15:47","@KemensetnegRI Memang mreka apa ya min?","Twitter for Android",https://www.twitter.com/Stvpangaribuan/status/1378305223718961153
13,,endang,EndangL76886579,https://www.twitter.com/EndangL76886579,"ID: 1378347216163663876",51,9,168,no,"2021-04-03 14:02:39","@KemensetnegRI Bpk Presiden @jokowi tlong jg dengarkan jeritan hati kmi korban @AXA_Mandiri yg sdh 22 rb korbannya, tlong luangkan wktu Bpk tuk kmi Pak 😭😭cc Pak @erickthohir@KemenBUMN@mohmahfudmd @bahlillahadalia @KSPgoid @HumasPoldaJatim @FerdinandHaean3 @muannas_alaidid @Dennysiregar7 https://t.co/hq9Asnv5Es","Twitter for Android",https://www.twitter.com/EndangL76886579/status/1378347216163663876
14,,Aktivis,alantubaka,https://www.twitter.com/alantubaka,"ID: 1378350201480511495",8,1,157,no,"2021-04-03 14:14:31","@KemensetnegRI Saran kiranya akun resmi milik negara harus menginformasikan kegiatan kenegaraan presiden.. tdk bole menginformasikan seperti ini...","Twitter for Android",https://www.twitter.com/alantubaka/status/1378350201480511495
15,,RSN,rezaspn,https://www.twitter.com/rezaspn,"ID: 1378365439332343809",2,2,23,no,"2021-04-03 15:15:04","@KemensetnegRI Seriously? Setneg? 👀","Twitter for Android",https://www.twitter.com/rezaspn/status/1378365439332343809
16,,lovebird..,Deden51910377,https://www.twitter.com/Deden51910377,"ID: 1378366028816609280",6,1,70,no,"2021-04-03 15:17:24","@KemensetnegRI Ini bukan kerumunan ingat... Kecuali fpi dan MRS..baru di sebut kerumunan...","Twitter for Android",https://www.twitter.com/Deden51910377/status/1378366028816609280
17,,dendr0p,den_drop,https://www.twitter.com/den_drop,"ID: 1378369679891173378",341,223,4349,no,"2021-04-03 15:31:55","@KemensetnegRI Sumbangsih ata gledek ama bininya buat indonesia apaan yak?","Twitter for Android",https://www.twitter.com/den_drop/status/1378369679891173378
18,,"J∆CK P!PPO™",J4ck_Pipp0,https://www.twitter.com/J4ck_Pipp0,"ID: 1378429507934167040",6,0,96,no,"2021-04-03 19:29:39","@KemensetnegRI Urgensi nya apa min? Kasi kisi2 aja","Twitter for Android",https://www.twitter.com/J4ck_Pipp0/status/1378429507934167040
19,,Avakocheng_bisaapa,ABisaapa,https://www.twitter.com/ABisaapa,"ID: 1378487313815064578",17,1,205,no,"2021-04-03 23:19:21","@KemensetnegRI Tamunya berapa banyak? Pada jaga jarak nggak? Kalo nggak berarti abis ini harusnya ada yang didenda atau ditangkap dooong. Yekan yekan...","Twitter Web App",https://www.twitter.com/ABisaapa/status/1378487313815064578
20,,petani#pahlawan,achmadmakrus121,https://www.twitter.com/achmadmakrus121,"ID: 1378490163488153606",8,0,85,no,"2021-04-03 23:30:40","@KemensetnegRI Masih ada hubungan darah? 🤔 @kaesang mbok yo di kandani bapake, opo untunge nekani ijab-qobul  ngono kui? G kenemenen aku g protes ngeneki, iseh iki aku protes kaleh njenengan ndoro @jokowi , Unfaedah, nggarai KECEMBURUAN SOSIAL melimpah lo ndoro 🙏 Ngapunten","Twitter for Android",https://www.twitter.com/achmadmakrus121/status/1378490163488153606
21,,"himura 🏴🏴",himura89517038,https://www.twitter.com/himura89517038,"ID: 1378490166235471872",2,1,31,no,"2021-04-03 23:30:41","@arief2486 @KemensetnegRI Malah bikin borok negeri terlihat oleh dunia luar, kalau negeri ini ga serius tangani pandemi, dan program PPKM/PSBB","Twitter for Android",https://www.twitter.com/himura89517038/status/1378490166235471872
22,,"kumaha aing",Bestsales18,https://www.twitter.com/Bestsales18,"ID: 1378512092441944070",40,16,567,no,"2021-04-04 00:57:49","@KemensetnegRI Cara ngindang pak persiden gmana min?? Tetangga gw mau nikahan,sama ko mash warga indonesia...","Twitter for Android",https://www.twitter.com/Bestsales18/status/1378512092441944070
23,,Del'v.,Delv44142652,https://www.twitter.com/Delv44142652,"ID: 1378523128918208517",3138,618,12155,no,"2021-04-04 01:41:40","@KemensetnegRI Melihat ini kasihan dibentak² sambil tangannya di pinggang, padahal dibilangin secara santun jg pasti akan mengerti.Apakah mas Anang kemarin sempat diginikan juga sama petugas ?https://t.co/XvQVXPFIrv","Twitter Web App",https://www.twitter.com/Delv44142652/status/1378523128918208517
24,,MayaFarrell21,MayaFarrell21,https://www.twitter.com/MayaFarrell21,"ID: 1378524169336352772",75,5,368,no,"2021-04-04 01:45:48","@KemensetnegRI Hmm https://t.co/MkAOLC3cUk","Twitter for Android",https://www.twitter.com/MayaFarrell21/status/1378524169336352772
25,,KopatKopit_2021,Paseo_2021,https://www.twitter.com/Paseo_2021,"ID: 1378528108253343745",154,7,917,no,"2021-04-04 02:01:27","@KemensetnegRI Acara Atta &amp; Aurel ga akan kena pelanggaran protokol kesehatan krn acaranya bukan di Petamburan. https://t.co/mk0YfnzIPX","Twitter for Android",https://www.twitter.com/Paseo_2021/status/1378528108253343745
26,,Dondong,dirga_90,https://www.twitter.com/dirga_90,"ID: 1378536715556544513",8,0,158,no,"2021-04-04 02:35:39","@KemensetnegRI Ganti aja nama akunnya min. Sekretariat keluarga pakde lebih cocok.","Twitter for Android",https://www.twitter.com/dirga_90/status/1378536715556544513
27,,"𝐍𝐜𝐚𝐧𝐠 𝐖𝐚𝐰𝐚𝐧",Ridwan1924,https://www.twitter.com/Ridwan1924,"ID: 1378537328214298630",109,23,756,no,"2021-04-04 02:38:05","@KemensetnegRI Jika hakim yg punya nurani, maka kasus kerumunan IBHRS hrs gugur batal demi hukum, karna terdapat acara yg sama yg dihadiri kepala negara sbg regulator dan pihak penyelenggara sbg kluarga anggt DPR yg paham hukum hrsnya mnberi contoh ttg UU kekarantinaan dan prokes.","Twitter Web App",https://www.twitter.com/Ridwan1924/status/1378537328214298630
28,,"Bohemian Rhapsody",ntoniusn,https://www.twitter.com/ntoniusn,"ID: 1378537520720318467",139,11,661,no,"2021-04-04 02:38:51","@KemensetnegRI Adik, adik makan dulu ya sayang. Tra usah adik lihat tingkah laku kita punya presiden dan selebritis.Adik pasti kuat.Adik pasti bisa makan.Adik pasti sehat.Kalau Tuhan panggil adik cepat-cepat karena tra bisa makan, pasti Tuhan lebih sayang adik.https://t.co/u7nJbe7rCI https://t.co/Jzn1WidTxh","Twitter for Android",https://www.twitter.com/ntoniusn/status/1378537520720318467
29,,Toejoe,Toejoe48827068,https://www.twitter.com/Toejoe48827068,"ID: 1378541353806700547",5,0,31,no,"2021-04-04 02:54:05","@KemensetnegRI https://t.co/j473DL8uAg","Twitter for Android",https://www.twitter.com/Toejoe48827068/status/1378541353806700547
30,,"selling bread",bread_selling,https://www.twitter.com/bread_selling,"ID: 1378543500216528896",8,2,271,no,"2021-04-04 03:02:37","@KemensetnegRI Skrng kala mau hajatan aman, tinggal undang jokowi ajah..Udah gitu ngamplopnya pasti lbh dri 5 juta..Lumayan buat bayar tenda..","Twitter Web App",https://www.twitter.com/bread_selling/status/1378543500216528896
31,,Anginsemilirsepoysepoy,Anginsemilirse1,https://www.twitter.com/Anginsemilirse1,"ID: 1378546977483354116",72,4,956,no,"2021-04-04 03:16:26","@KemensetnegRI hahahahaha..admin sekneg kaga pake nalar. ini emangnya negara punya keluarga lu ya? acara nikahan artis masuk acara negara..","Twitter for Android",https://www.twitter.com/Anginsemilirse1/status/1378546977483354116
32,,a🅱️idZa®️,lagiaja28,https://www.twitter.com/lagiaja28,"ID: 1378556052195577863",18,2,135,no,"2021-04-04 03:52:29","@KemensetnegRI Gw cuma mau bilang...Prokes cuma berlaku tuk HRS, dan kebebasan berpendapat hanya untuk Buzzer dan para  sekutunya... Udh gitu aja !!!","Twitter for Android",https://www.twitter.com/lagiaja28/status/1378556052195577863
33,,fajar,f_jart,https://www.twitter.com/f_jart,"ID: 1378557470050635776",9,5,165,no,"2021-04-04 03:58:07","@KemensetnegRI Berhubung udah banyak yg yanya soal kerumunan dan gak dijawab, saya tanya soal amplop aja deh..Jokowi ngasih amplopnya dianggarin negara apa dari saku sendiri?Klo dari kantong negara, boleh tau gak isinya berapa?","Twitter for Android",https://www.twitter.com/f_jart/status/1378557470050635776
34,,YKS,YokoSetyoso,https://www.twitter.com/YokoSetyoso,"ID: 1378557663999488006",8,1,126,no,"2021-04-04 03:58:54","@KemensetnegRI Berlaku Adillah kalian, karena Adil itu lebih dekat kepada Taqwa","Twitter for Android",https://www.twitter.com/YokoSetyoso/status/1378557663999488006
35,,🅰️.H.🅿️,ahape1987,https://www.twitter.com/ahape1987,"ID: 1378557891490181120",7,1,82,no,"2021-04-04 03:59:48","@KemensetnegRI Bebaskan IBHRS...Klo mau adil,bebaskan IBHRSatau tindak lanjuti &amp; pidanakan yg hadir di acara atta &amp; aurel","Twitter for Android",https://www.twitter.com/ahape1987/status/1378557891490181120
36,,KarangBatu2020,XingaDarat2020,https://www.twitter.com/XingaDarat2020,"ID: 1378560397272227843",19,0,404,no,"2021-04-04 04:09:45","@KemensetnegRI Ciye.... Ketidakadilan sedang dipertontonkan ke publik. Ciyeee.. 😂😅😁😄✌","Twitter Web App",https://www.twitter.com/XingaDarat2020/status/1378560397272227843
37,,JaggerKAWE@,Bastian83Bryan,https://www.twitter.com/Bastian83Bryan,"ID: 1378562610556067841",38,1,632,no,"2021-04-04 04:18:33","@KemensetnegRI Gk malu yh, Ngeshare Photo like this' di tengah Pandemik Covid19 yg penanganannya Amburadul ' Woy .. Ingat prokes "" Social Distancing 🙄","Twitter for Android",https://www.twitter.com/Bastian83Bryan/status/1378562610556067841
38,,"Sekar izza",izza_sekar,https://www.twitter.com/izza_sekar,"ID: 1378567386803015682",2,1,28,no,"2021-04-04 04:37:32","@KemensetnegRI Tolong Habib Rizieq Shihab dibebaskan 😭😭🙏🙏","Twitter for Android",https://www.twitter.com/izza_sekar/status/1378567386803015682
39,,"Farrah Salim",SalimFarrah,https://www.twitter.com/SalimFarrah,"ID: 1378567768266563585",1911,88,10870,no,"2021-04-04 04:39:03","@KemensetnegRI Terima kasih Atta-Aurel telah menunjukkan kepada rakyat tentang posisi hukum dan keadilan di negeri ini.","Twitter for Android",https://www.twitter.com/SalimFarrah/status/1378567768266563585
40,,Gus_Herd,AgusHerd,https://www.twitter.com/AgusHerd,"ID: 1378569726742302728",9,4,104,no,"2021-04-04 04:46:50","@KemensetnegRI Diposting diakun sesneg. Mantap betul negeri ini. Tak malu bangsat!","Twitter for Android",https://www.twitter.com/AgusHerd/status/1378569726742302728
41,,moec'ha_32,moechaaliem,https://www.twitter.com/moechaaliem,"ID: 1378571046316478465",415,42,3272,no,"2021-04-04 04:52:04","@KemensetnegRI Asem lah akun setneg malah ngepost beginian 🤣Jdi keliatan kan kualitas pemimpin kita sebatas saksi nikahan doang. HahaKalau hadir sebagai seorang Jokowi dan tanpa embel"" atribut presiden ya fine"" aja, lhaa ini sampai dipost ama akun setneg, kan bangke 🤣","Twitter for Android",https://www.twitter.com/moechaaliem/status/1378571046316478465
42,,"Ozy Mo",Ozy_MoTo,https://www.twitter.com/Ozy_MoTo,"ID: 1378572606001934339",50,25,764,no,"2021-04-04 04:58:16","@KemensetnegRI Mending didelet aja deh… ini bukan acara resmi kenegaraan kan? Mereka hadir sbg pribadi, bukan pejabat negara, min… sadar lah","Twitter for iPhone",https://www.twitter.com/Ozy_MoTo/status/1378572606001934339
43,,"Yauda iyaa",demikeswa,https://www.twitter.com/demikeswa,"ID: 1378572887901102082",1,1,6,no,"2021-04-04 04:59:23","@KemensetnegRI Waww terima kasih, keluarga besarku mesti tau info berharga ini. https://t.co/YL2lbbyN17","Twitter for Android",https://www.twitter.com/demikeswa/status/1378572887901102082
44,,"Extra Time Indonesia",idextratime,https://www.twitter.com/idextratime,"ID: 1378573758177271808",5,1,80,no,"2021-04-04 05:02:51","@KemensetnegRI si penting","Twitter Web App",https://www.twitter.com/idextratime/status/1378573758177271808
45,,NEGATIF,mrizalp_,https://www.twitter.com/mrizalp_,"ID: 1378575131983765504",97,3,351,no,"2021-04-04 05:08:18","@KemensetnegRI Sarat dan ketentuan berlaku 😬 https://t.co/0GpN3AlhMV","Twitter for Android",https://www.twitter.com/mrizalp_/status/1378575131983765504
46,,aliy,onlimew,https://www.twitter.com/onlimew,"ID: 1378576647306145799",0,5,24,no,"2021-04-04 05:14:20","@KemensetnegRI ga penting banget. adminnya stupid","Twitter for iPhone",https://www.twitter.com/onlimew/status/1378576647306145799
47,,aajjurrr,bacotnyasopan,https://www.twitter.com/bacotnyasopan,"ID: 1378577101087891459",48,9,610,no,"2021-04-04 05:16:08","@PBogang @KemensetnegRI ini sangat urgensi bagi negara ini, ashiap","Twitter for Android",https://www.twitter.com/bacotnyasopan/status/1378577101087891459
48,,꧋ꦲꦪꦶꦏ꧀ꦭꦤ꧉,hayiklanna_,https://www.twitter.com/hayiklanna_,"ID: 1378577989194014724",8,2,25,no,"2021-04-04 05:19:40","@KemensetnegRI https://t.co/szoMqYGCs9","Twitter for Android",https://www.twitter.com/hayiklanna_/status/1378577989194014724
49,,"⚖️ 𝙺𝚄𝚈𝙰𝙽𝙶 ⚖️",KMerinduku,https://www.twitter.com/KMerinduku,"ID: 1378579795592810499",7,3,241,no,"2021-04-04 05:26:50","@Bestsales18 @KemensetnegRI caranya bnyk duit jd org kaya dl lah milyarder... kl msh jelata jgn harap deh .... mimpi","Twitter for Android",https://www.twitter.com/KMerinduku/status/1378579795592810499
50,,Damayanti,Aidamayan,https://www.twitter.com/Aidamayan,"ID: 1378580678778871809",9,1,32,no,"2021-04-04 05:30:21","@KemensetnegRI 👇👇👇 https://t.co/wWp4dTP3ay","Twitter for Android",https://www.twitter.com/Aidamayan/status/1378580678778871809
51,,"Adelya Argentiana",ArgentianaA,https://www.twitter.com/ArgentianaA,"ID: 1378581292816629760",14,7,333,no,"2021-04-04 05:32:47","@Ozy_MoTo @KemensetnegRI Nyakitin berjuta2 rakyat bgt!!!","Twitter for Android",https://www.twitter.com/ArgentianaA/status/1378581292816629760
52,,"𝔑𝔞𝔲𝔯𝔞 𝔄𝔲𝔯𝔲𝔪 𝔎𝔥𝔞𝔫",NAurumn,https://www.twitter.com/NAurumn,"ID: 1378581407476314114",15,0,63,no,"2021-04-04 05:33:15","@KemensetnegRI Bangga ya, min mempertontonkan ketidakadilan?","Twitter for Android",https://www.twitter.com/NAurumn/status/1378581407476314114
53,,setiawan,bnzstwn,https://www.twitter.com/bnzstwn,"ID: 1378581414929571842",1,83,31,no,"2021-04-04 05:33:16","@KemensetnegRI ada yang jual netflix?","Twitter for Android",https://www.twitter.com/bnzstwn/status/1378581414929571842
54,,"Mijil Memanggil",tokobukumijil,https://www.twitter.com/tokobukumijil,"ID: 1378581507183284225",53,15,263,no,"2021-04-04 05:33:38","@KemensetnegRI misi bg jago, mau tanya, dari poin2 ini. dateng nikahan yutuber dan dirilis pers di akun sekneg masuk poin yg mana yaaa? makasi bg jago🙏🙏🙏🙏🙏 https://t.co/qf1lW8pGw8","Twitter Web App",https://www.twitter.com/tokobukumijil/status/1378581507183284225
55,,@potret_is,isilham1,https://www.twitter.com/isilham1,"ID: 1378581544692948995",9,1,64,no,"2021-04-04 05:33:47","@KemensetnegRI Pak Mensesneg mohon foto2 spt ini jgn dipertontonkan kepada kami rakyat biasa, tdk ada manfaatnya apalagi ditengah pandemi spt ini, lebih baik foto2 Bpk Presiden @jokowi dlm urusan negara saja yg bermanfaat lgsg buat rakyat yg ditampilkan","Twitter for Android",https://www.twitter.com/isilham1/status/1378581544692948995
56,,"Redi Prio",CakRedi,https://www.twitter.com/CakRedi,"ID: 1378581798305734657",153,18,2212,no,"2021-04-04 05:34:48","@KemensetnegRI Sedikit saran saja.Mohon twit ini di-bookmark dan screenshoot.Foto2 di atas kalau bisa dicetak.Jika kamu nanti nikahan dan didatangi Satpol PP,  tinggal tunjukkan.","Twitter Web App",https://www.twitter.com/CakRedi/status/1378581798305734657
57,,FalNdaru,FalNdaru,https://www.twitter.com/FalNdaru,"ID: 1378582061540241411",10,1,314,no,"2021-04-04 05:35:50","@KemensetnegRI Min, Tega Banget sih...Apakah Penting Hadir Acara Seperti ini? Memang Pakai Masker tapi khan tetap ada kerumunan, belum lagi pas foto2 saling dempet, Kagak Kasihan sama Nakes, Kasihan Dokter2 yang Kampanye 5M, lha ujug2 Pengelola Negara Datang Hajatan, beneran ini min?","Twitter for Android",https://www.twitter.com/FalNdaru/status/1378582061540241411
58,,"Sir Paimin Van Soekandar",FachSetiawan,https://www.twitter.com/FachSetiawan,"ID: 1378582212526841856",18,3,270,no,"2021-04-04 05:36:26","@Anginsemilirse1 @KemensetnegRI SetNeg? Mendowngrade level dia sendiri, nadir.","Twitter for Android",https://www.twitter.com/FachSetiawan/status/1378582212526841856
59,,"Abdul Jabar",AbdulJa51450828,https://www.twitter.com/AbdulJa51450828,"ID: 1378583289376563201",14,1,138,no,"2021-04-04 05:40:43","@KemensetnegRI Aurel dan Atta Tuh siapa?org berpengaruh di Indonesia kah?Ga mutu banget @KemensetnegRI menjadikan ini sebagai informasi buat rakyat..tolong kedepannya cerdasan dikit ya...","Twitter for Android",https://www.twitter.com/AbdulJa51450828/status/1378583289376563201
60,,"Brigade Soeharto (Founder)",RFauzy5,https://www.twitter.com/RFauzy5,"ID: 1378584802048139267",10,1,60,no,"2021-04-04 05:46:44","@KemensetnegRI Sadar ga kalau masih banyak Rakyat yg kelaparan? Semoga Sekneg mengerti TUPOKSI.","Twitter for Android",https://www.twitter.com/RFauzy5/status/1378584802048139267
61,,🚀,Muapaaa,https://www.twitter.com/Muapaaa,"ID: 1378585016779698177",0,0,8,no,"2021-04-04 05:47:35","@KemensetnegRI https://t.co/j7yffNGmxn","Twitter for Android",https://www.twitter.com/Muapaaa/status/1378585016779698177
62,,"Santuy bray",saya_fikrii,https://www.twitter.com/saya_fikrii,"ID: 1378585092277211136",74,38,523,no,"2021-04-04 05:47:53","@KemensetnegRI Ashiaaaaaaaap kontoool","Twitter for Android",https://www.twitter.com/saya_fikrii/status/1378585092277211136
63,,ceci,anauror,https://www.twitter.com/anauror,"ID: 1378586376602447873",0,0,43,no,"2021-04-04 05:52:59","@KemensetnegRI lagi naikin viewers buat gaji admin https://t.co/qho84vH3wV","Twitter for Android",https://www.twitter.com/anauror/status/1378586376602447873
64,,P,puyuikk,https://www.twitter.com/puyuikk,"ID: 1378588109135224833",85,20,853,no,"2021-04-04 05:59:52","@saya_fikrii @KemensetnegRI :v https://t.co/IDXXVak6TT","Twitter for Android",https://www.twitter.com/puyuikk/status/1378588109135224833
65,,Sujarwedi,SujarMUFC,https://www.twitter.com/SujarMUFC,"ID: 1378588327360618499",13,1,91,no,"2021-04-04 06:00:44","@KemensetnegRI Simpen dlu fotonya. Nti kalo mudik dilarang, pas kena razia tinggal nunjukin foto ini. Trus bilang,""Saya ga mudik pak, tp mau datang ke kondangan suadara...""","Twitter for Android",https://www.twitter.com/SujarMUFC/status/1378588327360618499
66,,"win 🍀",yeswin_,https://www.twitter.com/yeswin_,"ID: 1378589495205896196",0,2,2,no,"2021-04-04 06:05:23","@mrizalp_ @KemensetnegRI Hmm ketinngalan y mas wkwwk","Twitter for iPad",https://www.twitter.com/yeswin_/status/1378589495205896196
67,,syad,syadyangkamu,https://www.twitter.com/syadyangkamu,"ID: 1378589642086318080",0,2,0,no,"2021-04-04 06:05:58","@KemensetnegRI Ada yg jual gdrive unlimited?","Twitter for Android",https://www.twitter.com/syadyangkamu/status/1378589642086318080
68,,"win 🍀",yeswin_,https://www.twitter.com/yeswin_,"ID: 1378589715893415939",0,3,43,no,"2021-04-04 06:06:15","@tokobukumijil @KemensetnegRI Mungkin poin ke i mas","Twitter for iPad",https://www.twitter.com/yeswin_/status/1378589715893415939
69,,porco,tempatpulang__,https://www.twitter.com/tempatpulang__,"ID: 1378589787037175810",0,1,1,no,"2021-04-04 06:06:32","@KemensetnegRI kontol","Twitter for iPhone",https://www.twitter.com/tempatpulang__/status/1378589787037175810
70,,😻Mueeza😻,mueeza02,https://www.twitter.com/mueeza02,"ID: 1378589938959020037",1,1,29,no,"2021-04-04 06:07:09","@KemensetnegRI heran sekretaris negara begitu merasa perlu bangeeedd memposting hal ini...buat konten juga?ahiieeww😅","Twitter for Android",https://www.twitter.com/mueeza02/status/1378589938959020037
71,,"Rizal do | GA Hot Sauce, cek likes",afrkml,https://www.twitter.com/afrkml,"ID: 1378590203183427590",5,4,68,no,"2021-04-04 06:08:12","@KemensetnegRI 🤡","Twitter for Android",https://www.twitter.com/afrkml/status/1378590203183427590
72,,"Hilmy Nugraha",hilmyhilmyx,https://www.twitter.com/hilmyhilmyx,"ID: 1378591413554749441",4,1,38,no,"2021-04-04 06:13:00","@KemensetnegRI https://t.co/CtjPv0BbeM","Twitter for Android",https://www.twitter.com/hilmyhilmyx/status/1378591413554749441
73,,MFS,asalbukanidig,https://www.twitter.com/asalbukanidig,"ID: 1378592795800207363",1,1,2,no,"2021-04-04 06:18:30","@KemensetnegRI https://t.co/1K2nOf7gbR","Twitter for Android",https://www.twitter.com/asalbukanidig/status/1378592795800207363
74,,"HM 🇮🇩",henrymea,https://www.twitter.com/henrymea,"ID: 1378592868206448640",4,97,82,no,"2021-04-04 06:18:47","@Ridwan1924 @KemensetnegRI Anda sudah baca UU or peraturan yang anda sebut? Bisa disebutkan di pasal mana pelanggaran yang dilakukan presiden sehingga bisa anda anggap sama dengan kerumunan yang dilakukan MRS?Ditunggu yaa. Anggap aja saya lagi belajar ilmu hukum sama anda..","Twitter for Android",https://www.twitter.com/henrymea/status/1378592868206448640
75,,"deden nurdin",dennurdin,https://www.twitter.com/dennurdin,"ID: 1378595553576022017",18,1,129,no,"2021-04-04 06:29:27","@KemensetnegRI Norak dan sangat menjijikan. Pendidikan moral paling bejat utk generasi muda dari orang2 tua yg hanya berorientasi kekuasaan.","Twitter for Android",https://www.twitter.com/dennurdin/status/1378595553576022017
76,,Tidew,Yxgmutualan,https://www.twitter.com/Yxgmutualan,"ID: 1378595872762556417",21,8,194,no,"2021-04-04 06:30:43","@SalimFarrah @KemensetnegRI Semoga ada kabar atta bayarin hutang negara wkwkwk","Twitter for Android",https://www.twitter.com/Yxgmutualan/status/1378595872762556417
77,,linny,ini_linny,https://www.twitter.com/ini_linny,"ID: 1378597233809969155",5,4,31,no,"2021-04-04 06:36:08","@AgusHerd buruan ambil kipas karena ada tambahan... https://t.co/q4hwILs2Pa","Twitter Web App",https://www.twitter.com/ini_linny/status/1378597233809969155
78,,"Combroo Missro",dewatmaka,https://www.twitter.com/dewatmaka,"ID: 1378598079360733185",12,1,120,no,"2021-04-04 06:39:29","@KemensetnegRI Kasian keluarga yg mw bikin resepsi nikahan dibubarin demi prokes, dan yg ini dihadiri oleh Presiden dan pejabat negara lainnya.Note :Keadilan sosial itu ada syarat dan harganya ya ternyata??! 😊","Twitter for Android",https://www.twitter.com/dewatmaka/status/1378598079360733185
79,,"Ikhsan F Wiryawan",wiryawanikhsan,https://www.twitter.com/wiryawanikhsan,"ID: 1378598319925063682",372,96,3659,no,"2021-04-04 06:40:27","@KemensetnegRI Maaf pak ijin nanya, kalau nnti saya nikah bapak mau jadi saksi nikah saya juga? Saya juga mau nnti foto saya diupload akun twitter sekelas Sekretariat Negara, saya, atta, aurel dan warga negara Indonesia lainnya juga punya hak yg sama kan ya pak hehe","Twitter for Android",https://www.twitter.com/wiryawanikhsan/status/1378598319925063682
80,,arsa,bisainterus,https://www.twitter.com/bisainterus,"ID: 1378598529736712193",0,2,59,no,"2021-04-04 06:41:17","@KemensetnegRI ga masalah kalo emang dateng secara pribadi, tapi kalo dipost di akun kesekretariatan berarti ini agenda kenegaraan?","Twitter for Android",https://www.twitter.com/bisainterus/status/1378598529736712193
81,,Av.,dancowputiih,https://www.twitter.com/dancowputiih,"ID: 1378599804855443463",11,6,93,no,"2021-04-04 06:46:21","@KemensetnegRI Kmrn bilangnya dtg ga atas nama presiden tp ini sampe ada dokumentasi setneg gini. Msk kunjungan negara thn 2021 apa gmn? giliran ada yg demo ga pernah tuh hadir turun tangan","Twitter for Android",https://www.twitter.com/dancowputiih/status/1378599804855443463
82,,"NY: AND WHY",dan_kenapa,https://www.twitter.com/dan_kenapa,"ID: 1378600360646828032",110,78,799,no,"2021-04-04 06:48:33","@KemensetnegRI Karena ini acara kenegaraan, mohon dengan sangat agar acara malam pertama dapat disiarkan langsung di seluruh TV nasional..agar seluruh warga negara dapat menyaksikan prosesi pakenthon..maturnuwun","Twitter for Android",https://www.twitter.com/dan_kenapa/status/1378600360646828032
83,,"Dede Hikmat Maulana",aozame2000,https://www.twitter.com/aozame2000,"ID: 1378600516645625857",3,99,97,no,"2021-04-04 06:49:10","@KemensetnegRI fyi, orangtua aurel, anang hermansyah itu mantan anggota dpr, krisdayanti itu anggota dpr aktif saat ini.","Twitter for Android",https://www.twitter.com/aozame2000/status/1378600516645625857
84,,Gal,pantungalimar,https://www.twitter.com/pantungalimar,"ID: 1378603590625812481",3,4,126,no,"2021-04-04 07:01:23","@KemensetnegRI Kaya aku sama doi ga ada hubungan","Twitter for Android",https://www.twitter.com/pantungalimar/status/1378603590625812481
85,,"ummu nanaj @76",akhwatelya,https://www.twitter.com/akhwatelya,"ID: 1378605172994142208",18,3,156,no,"2021-04-04 07:07:41","@KemensetnegRI Ga kaliam posting kami jg dah tau min..Kami hanya kecewa aja  d satu sisi HRS karna kasus nikahin anakx keruminan d tangkap d penjarakan d adili..Yg ini malah d hadiri pak jokowi dan penjabat2 negara..Kenapa sih d pamerkan bgt ketidak adilan  ini ?????","Twitter for Android",https://www.twitter.com/akhwatelya/status/1378605172994142208
86,,madip,rahmatdidipu,https://www.twitter.com/rahmatdidipu,"ID: 1378606302537023488",0,6,2,no,"2021-04-04 07:12:10","@KemensetnegRI Ada yg jual followers, likes &amp; views? 😫😫","Twitter for iPhone",https://www.twitter.com/rahmatdidipu/status/1378606302537023488
87,,dreams11,gtaja22,https://www.twitter.com/gtaja22,"ID: 1378615641809113089",1,6,2,no,"2021-04-04 07:49:17","@ABisaapa @KemensetnegRI tapi tamunya di bayarin swab test sebelum dateng ke acara","Twitter for iPhone",https://www.twitter.com/gtaja22/status/1378615641809113089
88,,Rendy,mandalarendy,https://www.twitter.com/mandalarendy,"ID: 1378616939107344384",0,1,51,no,"2021-04-04 07:54:26","@wiryawanikhsan @KemensetnegRI https://t.co/ICXh71UveN","Twitter for iPhone",https://www.twitter.com/mandalarendy/status/1378616939107344384
89,,"NY: AND WHY",dan_kenapa,https://www.twitter.com/dan_kenapa,"ID: 1378648610716323842",2,1,62,no,"2021-04-04 10:00:17","@KemensetnegRI Saatnya.. https://t.co/iC2rwst6TZ","Twitter for Android",https://www.twitter.com/dan_kenapa/status/1378648610716323842
90,,"Calon Sugar Daddy",Risky_Febrianto,https://www.twitter.com/Risky_Febrianto,"ID: 1378649037440606208",11,0,66,no,"2021-04-04 10:01:59","@putra___petir @KemensetnegRI Twitter buat keras, kritis, obyektif.IG buat personal branding, fake, subyektif.","Twitter for Android",https://www.twitter.com/Risky_Febrianto/status/1378649037440606208
91,,MukaFuckBoy,PadahalSadBoy,https://www.twitter.com/PadahalSadBoy,"ID: 1378697622345539592",0,1,0,no,"2021-04-04 13:15:02","@RManukerti1 @KemensetnegRI Ke mun nikah ek ngundang pejabat nu mana atuh ? Wkwk","Twitter for Android",https://www.twitter.com/PadahalSadBoy/status/1378697622345539592
92,,jeje,jeeteveux,https://www.twitter.com/jeeteveux,"ID: 1378705998139953153",0,1,0,no,"2021-04-04 13:48:19","@vardefulla @KemensetnegRI aneh ga sih nied, apa ya mksdnya aku ga ngerti deh","Twitter for iPhone",https://www.twitter.com/jeeteveux/status/1378705998139953153
93,,@pratama_dayu,pratama_dayu,https://www.twitter.com/pratama_dayu,"ID: 1378907878120034304",0,0,0,no,"2021-04-05 03:10:31","@Ahmad93567331 @KemensetnegRI wkwkwk mentolo tak idek wajahe","Twitter Web App",https://www.twitter.com/pratama_dayu/status/1378907878120034304
94,,n,beautegenius,https://www.twitter.com/beautegenius,"ID: 1378936980231233537",0,0,0,no,"2021-04-05 05:06:10","@dewatmaka @KemensetnegRI Selama mengikuti prokes ga masalah, yg dibubarin di tempat saya itu yang ga memenuhi prokes, ga swab dulu.","Twitter for Android",https://www.twitter.com/beautegenius/status/1378936980231233537
95,,kiyani,urlovelylunar,https://www.twitter.com/urlovelylunar,"ID: 1378948857829105668",0,1,0,no,"2021-04-05 05:53:21","@SujarMUFC @KemensetnegRI ""ngundang pak presiden ga? kalo ga ngundang gaboleh.""","Twitter Web App",https://www.twitter.com/urlovelylunar/status/1378948857829105668
96,,Dan💚,reuangrawat,https://www.twitter.com/reuangrawat,"ID: 1378965117287624706",0,0,12,no,"2021-04-05 06:57:58","@FalNdaru @KemensetnegRI sorry nimbrung Kak. awalnya sih aku ga terlalu ambil pusing, bisa aja kan beliau datang bukan atas nama negara hanya ""seseorang yang diundang"". Tapi kalo sampai di-upload ke akun sekretariat negara, urgensinya apa?soal protokol, saya kembalikan ke kesadaran beliau","Twitter for Android",https://www.twitter.com/reuangrawat/status/1378965117287624706
97,,gojou,Dianridhoo1,https://www.twitter.com/Dianridhoo1,"ID: 1378997960676024320",0,0,0,no,"2021-04-05 09:08:29","@tempatpulang__ @KemensetnegRI terpantau siman aman","Twitter for iPhone",https://www.twitter.com/Dianridhoo1/status/1378997960676024320
98,,"Au For Au",AuForAu1,https://www.twitter.com/AuForAu1,"ID: 1379050020998012936",0,0,0,no,"2021-04-05 12:35:21","@dancowputiih @KemensetnegRI Serem bgr repnya ada yg gaib, sing ati ati yo mas, diserang buzzer","Twitter for Android",https://www.twitter.com/AuForAu1/status/1379050020998012936
99,,"Novita Sari",NovitaS08789871,https://www.twitter.com/NovitaS08789871,"ID: 1379539334336942080",0,0,1,no,"2021-04-06 20:59:42","@bread_selling @KemensetnegRI Bawa foto ini saja mas.... Buatin baliho skalian. Kan pimpinan harus adil.","Twitter for Android",https://www.twitter.com/NovitaS08789871/status/1379539334336942080
100,,Victory,DittaNisa,https://www.twitter.com/DittaNisa,"ID: 1380134608650469381",0,0,0,no,"2021-04-08 12:25:07","@Deden51910377 @KemensetnegRI beda keles.. ini pakai protokol kesehatan. FPI udh desek2an ga pakai masker, teriak2 lonte lagi","Twitter for Android",https://www.twitter.com/DittaNisa/status/1380134608650469381
